<?xml version="1.0" encoding="UTF-8" standalone="no"?>
<data>
    <event startTimeInterval="0" start="September 3 2015 13:45:00 GMT-0600" title="" annotation-modificationDate="September 17 2015 15:07:32 GMT-0600" annotation-modificationUser="Jennifer Payne" image="images/0.jpg">New Annotation…</event>
    <event startTimeInterval="2.666677" start="September 3 2015 13:45:02 GMT-0600" endTimeInterval="23.766677" end="September 3 2015 13:45:23 GMT-0600" isDuration="true" title="" annotation-modificationDate="September 17 2015 15:26:59 GMT-0600" annotation-modificationUser="Jennifer Payne" annotation-category="Loading data" image="images/240001.jpg">New Annotation…<category name="Loading data"></category>
    </event>
    <event startTimeInterval="43.318711" start="September 3 2015 13:45:43 GMT-0600" endTimeInterval="53.800011" end="September 3 2015 13:45:53 GMT-0600" isDuration="true" title="" annotation-modificationDate="September 17 2015 15:26:59 GMT-0600" annotation-modificationUser="Jennifer Payne" annotation-category="Loading data" image="images/3898684.jpg">New Annotation…<category name="Loading data"></category>
    </event>
    <event startTimeInterval="68.10001099999999" start="September 3 2015 13:46:08 GMT-0600" endTimeInterval="80.500011" end="September 3 2015 13:46:20 GMT-0600" isDuration="true" title="" annotation-modificationDate="September 17 2015 15:26:59 GMT-0600" annotation-modificationUser="Jennifer Payne" annotation-category="Loading data" image="images/6129001.jpg">New Annotation…<category name="Loading data"></category>
    </event>
    <event startTimeInterval="84.60001099999999" start="September 3 2015 13:46:24 GMT-0600" endTimeInterval="99.800011" end="September 3 2015 13:46:39 GMT-0600" isDuration="true" title="" annotation-modificationDate="September 17 2015 15:26:59 GMT-0600" annotation-modificationUser="Jennifer Payne" annotation-category="Loading data" image="images/7614001.jpg">New Annotation…<category name="Loading data"></category>
    </event>
    <event startTimeInterval="104.900011" start="September 3 2015 13:46:44 GMT-0600" endTimeInterval="117.066677" end="September 3 2015 13:46:57 GMT-0600" isDuration="true" title="" annotation-modificationDate="September 17 2015 15:26:59 GMT-0600" annotation-modificationUser="Jennifer Payne" annotation-category="Loading data" image="images/9441001.jpg">New Annotation…<category name="Loading data"></category>
    </event>
    <event startTimeInterval="126.966677" start="September 3 2015 13:47:06 GMT-0600" endTimeInterval="139.566677" end="September 3 2015 13:47:19 GMT-0600" isDuration="true" title="" annotation-modificationDate="September 17 2015 15:26:59 GMT-0600" annotation-modificationUser="Jennifer Payne" annotation-category="Loading data" image="images/11427001.jpg">New Annotation…<category name="Loading data"></category>
    </event>
    <event startTimeInterval="161.766677" start="September 3 2015 13:47:41 GMT-0600" endTimeInterval="181.100011" end="September 3 2015 13:48:01 GMT-0600" isDuration="true" title="" annotation-modificationDate="September 17 2015 15:26:59 GMT-0600" annotation-modificationUser="Jennifer Payne" annotation-category="Loading data" image="images/14559001.jpg">New Annotation…<category name="Loading data"></category>
    </event>
    <event startTimeInterval="221.500011" start="September 3 2015 13:48:41 GMT-0600" endTimeInterval="237.100011" end="September 3 2015 13:48:57 GMT-0600" isDuration="true" title="" annotation-modificationDate="September 17 2015 15:26:59 GMT-0600" annotation-modificationUser="Jennifer Payne" annotation-category="Loading data" image="images/19935001.jpg">New Annotation…<category name="Loading data"></category>
    </event>
    <event startTimeInterval="256.033344" start="September 3 2015 13:49:16 GMT-0600" endTimeInterval="289.333344" end="September 3 2015 13:49:49 GMT-0600" isDuration="true" title="" annotation-modificationDate="September 17 2015 15:26:59 GMT-0600" annotation-modificationUser="Jennifer Payne" annotation-category="Loading data" image="images/23043001.jpg">New Annotation…<category name="Loading data"></category>
    </event>
    <event startTimeInterval="288.772711" start="September 3 2015 13:49:48 GMT-0600" endTimeInterval="322.466677" end="September 3 2015 13:50:22 GMT-0600" isDuration="true" title="" annotation-modificationDate="September 17 2015 15:26:59 GMT-0600" annotation-modificationUser="Jennifer Payne" annotation-category="Verifying the visualization" image="images/25989544.jpg">New Annotation…<category name="Verifying the visualization"></category>
    </event>
    <event startTimeInterval="322.466677" start="September 3 2015 13:50:22 GMT-0600" endTimeInterval="332.000011" end="September 3 2015 13:50:32 GMT-0600" isDuration="true" title="" annotation-modificationDate="September 17 2015 15:26:59 GMT-0600" annotation-modificationUser="Jennifer Payne" annotation-category="Presentation mapping modification" image="images/29022001.jpg">New Annotation…<category name="Presentation mapping modification"></category>
    </event>
    <event startTimeInterval="332.000011" start="September 3 2015 13:50:32 GMT-0600" endTimeInterval="339.266677" end="September 3 2015 13:50:39 GMT-0600" isDuration="true" title="" annotation-modificationDate="September 17 2015 15:26:59 GMT-0600" annotation-modificationUser="Jennifer Payne" annotation-category="Interuption" image="images/29880001.jpg">Tiffany asks them to annotate.<category name="Interuption"></category>
    </event>
    <event startTimeInterval="339.266677" start="September 3 2015 13:50:39 GMT-0600" endTimeInterval="353.193877" end="September 3 2015 13:50:53 GMT-0600" isDuration="true" title="" annotation-modificationDate="September 17 2015 15:26:59 GMT-0600" annotation-modificationUser="Jennifer Payne" annotation-category="Presentation mapping creation" image="images/30534001.jpg">Annotation.<category name="Presentation mapping creation"></category>
    </event>
    <event startTimeInterval="353.000011" start="September 3 2015 13:50:53 GMT-0600" endTimeInterval="356.600011" end="September 3 2015 13:50:56 GMT-0600" isDuration="true" title="" annotation-modificationDate="September 17 2015 15:26:59 GMT-0600" annotation-modificationUser="Jennifer Payne" annotation-category="Interuption" image="images/31770001.jpg">Seeking clarification from Tiffany about whether she should label y-axis.<category name="Interuption"></category>
    </event>
    <event startTimeInterval="357.269411" start="September 3 2015 13:50:57 GMT-0600" endTimeInterval="433.266677" end="September 3 2015 13:52:13 GMT-0600" isDuration="true" title="" annotation-modificationDate="September 17 2015 15:26:59 GMT-0600" annotation-modificationUser="Jennifer Payne" annotation-category="Presentation mapping creation" image="images/32154247.jpg">New Annotation…<category name="Presentation mapping creation"></category>
    </event>
    <event startTimeInterval="433.266677" start="September 3 2015 13:52:13 GMT-0600" endTimeInterval="471.366677" end="September 3 2015 13:52:51 GMT-0600" isDuration="true" title="" annotation-modificationDate="September 17 2015 15:26:59 GMT-0600" annotation-modificationUser="Jennifer Payne" annotation-category="Verifying the visualization" image="images/38994001.jpg">New Annotation…<category name="Verifying the visualization"></category>
    </event>
    <event startTimeInterval="471.366677" start="September 3 2015 13:52:51 GMT-0600" endTimeInterval="479.8913" end="September 3 2015 13:52:59 GMT-0600" isDuration="true" title="" annotation-modificationDate="September 17 2015 15:26:59 GMT-0600" annotation-modificationUser="Jennifer Payne" annotation-category="Presentation mapping modification" image="images/42423001.jpg">Aligning tiles using pen.<category name="Presentation mapping modification"></category>
    </event>
    <event startTimeInterval="10.000011" start="September 3 2015 13:45:10 GMT-0600" endTimeInterval="24.002477" end="September 3 2015 13:45:24 GMT-0600" isDuration="true" title="" annotation-modificationDate="September 17 2015 15:26:59 GMT-0600" annotation-modificationUser="Jennifer Payne" annotation-category="Visual Mapping creation" image="images/900001.jpg">First bar.<category name="Visual Mapping creation"></category>
    </event>
    <event startTimeInterval="24.866677" start="September 3 2015 13:45:24 GMT-0600" endTimeInterval="31.633344" end="September 3 2015 13:45:31 GMT-0600" isDuration="true" title="" annotation-modificationDate="September 17 2015 15:26:59 GMT-0600" annotation-modificationUser="Jennifer Payne" annotation-category="Presentation mapping modification" image="images/2238001.jpg">Straightening.<category name="Presentation mapping modification"></category>
    </event>
    <event startTimeInterval="34.166677" start="September 3 2015 13:45:34 GMT-0600" endTimeInterval="37.433344" end="September 3 2015 13:45:37 GMT-0600" isDuration="true" title="" annotation-modificationDate="September 17 2015 15:26:59 GMT-0600" annotation-modificationUser="Jennifer Payne" annotation-category="Loading data" image="images/3075001.jpg">New Annotation…<category name="Loading data"></category>
    </event>
    <event startTimeInterval="37.166677" start="September 3 2015 13:45:37 GMT-0600" endTimeInterval="53.766677" end="September 3 2015 13:45:53 GMT-0600" isDuration="true" title="" annotation-modificationDate="September 17 2015 15:26:59 GMT-0600" annotation-modificationUser="Jennifer Payne" annotation-category="Visual Mapping creation" image="images/3345001.jpg">New Annotation…<category name="Visual Mapping creation"></category>
    </event>
    <event startTimeInterval="53.766677" start="September 3 2015 13:45:53 GMT-0600" endTimeInterval="67.033344" end="September 3 2015 13:46:07 GMT-0600" isDuration="true" title="" annotation-modificationDate="September 17 2015 15:26:59 GMT-0600" annotation-modificationUser="Jennifer Payne" annotation-category="Presentation mapping modification" image="images/4839001.jpg">New Annotation…<category name="Presentation mapping modification"></category>
    </event>
    <event startTimeInterval="70.90001100000001" start="September 3 2015 13:46:10 GMT-0600" endTimeInterval="99.366677" end="September 3 2015 13:46:39 GMT-0600" isDuration="true" title="" annotation-modificationDate="September 17 2015 15:26:59 GMT-0600" annotation-modificationUser="Jennifer Payne" annotation-category="Visual Mapping creation" image="images/6381001.jpg">New Annotation…<category name="Visual Mapping creation"></category>
    </event>
    <event startTimeInterval="99.366677" start="September 3 2015 13:46:39 GMT-0600" endTimeInterval="103.133344" end="September 3 2015 13:46:43 GMT-0600" isDuration="true" title="" annotation-modificationDate="September 17 2015 15:26:59 GMT-0600" annotation-modificationUser="Jennifer Payne" annotation-category="Presentation mapping modification" image="images/8943001.jpg">New Annotation…<category name="Presentation mapping modification"></category>
    </event>
    <event startTimeInterval="108.633344" start="September 3 2015 13:46:48 GMT-0600" endTimeInterval="118.566677" end="September 3 2015 13:46:58 GMT-0600" isDuration="true" title="" annotation-modificationDate="September 17 2015 15:26:59 GMT-0600" annotation-modificationUser="Jennifer Payne" annotation-category="Visual Mapping creation" image="images/9777001.jpg">New Annotation…<category name="Visual Mapping creation"></category>
    </event>
    <event startTimeInterval="118.566677" start="September 3 2015 13:46:58 GMT-0600" endTimeInterval="125.466677" end="September 3 2015 13:47:05 GMT-0600" isDuration="true" title="" annotation-modificationDate="September 17 2015 15:26:59 GMT-0600" annotation-modificationUser="Jennifer Payne" annotation-category="Presentation mapping modification" image="images/10671001.jpg">New Annotation…<category name="Presentation mapping modification"></category>
    </event>
    <event startTimeInterval="129.466677" start="September 3 2015 13:47:09 GMT-0600" endTimeInterval="139.866677" end="September 3 2015 13:47:19 GMT-0600" isDuration="true" title="" annotation-modificationDate="September 17 2015 15:26:59 GMT-0600" annotation-modificationUser="Jennifer Payne" annotation-category="Visual Mapping creation" image="images/11652001.jpg">New Annotation…<category name="Visual Mapping creation"></category>
    </event>
    <event startTimeInterval="139.866677" start="September 3 2015 13:47:19 GMT-0600" endTimeInterval="158.833344" end="September 3 2015 13:47:38 GMT-0600" isDuration="true" title="" annotation-modificationDate="September 17 2015 15:26:59 GMT-0600" annotation-modificationUser="Jennifer Payne" annotation-category="Presentation mapping modification" image="images/12588001.jpg">New Annotation…<category name="Presentation mapping modification"></category>
    </event>
    <event startTimeInterval="150.578822" start="September 3 2015 13:47:30 GMT-0600" endTimeInterval="158.618077" end="September 3 2015 13:47:38 GMT-0600" isDuration="true" title="" annotation-modificationDate="September 17 2015 15:26:59 GMT-0600" annotation-modificationUser="Jennifer Payne" annotation-category="Verifying the visualization" image="images/13552094.jpg">New Annotation…<category name="Verifying the visualization"></category>
    </event>
    <event startTimeInterval="166.966677" start="September 3 2015 13:47:46 GMT-0600" endTimeInterval="181.819133" end="September 3 2015 13:48:01 GMT-0600" isDuration="true" title="" annotation-modificationDate="September 17 2015 15:26:59 GMT-0600" annotation-modificationUser="Jennifer Payne" annotation-category="Visual Mapping creation" image="images/15027001.jpg">New Annotation…<category name="Visual Mapping creation"></category>
    </event>
    <event startTimeInterval="181.819133" start="September 3 2015 13:48:01 GMT-0600" endTimeInterval="220.192022" end="September 3 2015 13:48:40 GMT-0600" isDuration="true" title="" annotation-modificationDate="September 17 2015 15:26:59 GMT-0600" annotation-modificationUser="Jennifer Payne" annotation-category="Presentation mapping modification" image="images/16363722.jpg">New Annotation…<category name="Presentation mapping modification"></category>
    </event>
    <event startTimeInterval="225.660833" start="September 3 2015 13:48:45 GMT-0600" endTimeInterval="237.439288" end="September 3 2015 13:48:57 GMT-0600" isDuration="true" title="" annotation-modificationDate="September 17 2015 15:26:59 GMT-0600" annotation-modificationUser="Jennifer Payne" annotation-category="Visual Mapping creation" image="images/20309475.jpg">New Annotation…<category name="Visual Mapping creation"></category>
    </event>
    <event startTimeInterval="237.439288" start="September 3 2015 13:48:57 GMT-0600" endTimeInterval="255.340966" end="September 3 2015 13:49:15 GMT-0600" isDuration="true" title="" annotation-modificationDate="September 17 2015 15:26:59 GMT-0600" annotation-modificationUser="Jennifer Payne" annotation-category="Presentation mapping modification" image="images/21369536.jpg">New Annotation…<category name="Presentation mapping modification"></category>
    </event>
</data>