<?xml version="1.0" encoding="UTF-8" standalone="no"?>
<data>
    <event startTimeInterval="91.033344" start="September 3 2015 13:46:25 GMT-0600" endTimeInterval="91.033344" end="September 3 2015 13:46:25 GMT-0600" isDuration="true" title="" annotation-modificationDate="September 17 2015 13:28:24 GMT-0600" annotation-modificationUser="Jennifer Payne" annotation-category="Verifying the visualization">New Annotation…<category name="Verifying the visualization"></category>
    </event>
    <event startTimeInterval="3" start="September 3 2015 13:44:57 GMT-0600" endTimeInterval="7.564567" end="September 3 2015 13:45:01 GMT-0600" isDuration="true" title="" annotation-modificationDate="September 17 2015 13:28:24 GMT-0600" annotation-modificationUser="Jennifer Payne" annotation-category="Loading data" image="images/270000.jpg">New Annotation…<category name="Loading data"></category>
    </event>
    <event startTimeInterval="6.5" start="September 3 2015 13:45:00 GMT-0600" endTimeInterval="7.5" end="September 3 2015 13:45:01 GMT-0600" isDuration="true" title="" annotation-modificationDate="September 17 2015 13:28:24 GMT-0600" annotation-modificationUser="Jennifer Payne" annotation-category="Loading data" image="images/585000.jpg">New Annotation…<category name="Loading data"></category>
    </event>
    <event startTimeInterval="20.5" start="September 3 2015 13:45:14 GMT-0600" endTimeInterval="23" end="September 3 2015 13:45:17 GMT-0600" isDuration="true" title="" annotation-modificationDate="September 17 2015 13:28:24 GMT-0600" annotation-modificationUser="Jennifer Payne" annotation-category="Loading data" image="images/1845000.jpg">New Annotation…<category name="Loading data"></category>
    </event>
    <event startTimeInterval="25.5" start="September 3 2015 13:45:19 GMT-0600" endTimeInterval="27.5" end="September 3 2015 13:45:21 GMT-0600" isDuration="true" title="" annotation-modificationDate="September 17 2015 13:28:24 GMT-0600" annotation-modificationUser="Jennifer Payne" annotation-category="Loading data" image="images/2295000.jpg">New Annotation…<category name="Loading data"></category>
    </event>
    <event startTimeInterval="27.5" start="September 3 2015 13:45:21 GMT-0600" endTimeInterval="28.5" end="September 3 2015 13:45:22 GMT-0600" isDuration="true" title="" annotation-modificationDate="September 17 2015 13:28:24 GMT-0600" annotation-modificationUser="Jennifer Payne" annotation-category="Loading data" image="images/2475000.jpg">New Annotation…<category name="Loading data"></category>
    </event>
    <event startTimeInterval="30.5" start="September 3 2015 13:45:24 GMT-0600" endTimeInterval="31.5" end="September 3 2015 13:45:25 GMT-0600" isDuration="true" title="" annotation-modificationDate="September 17 2015 13:28:24 GMT-0600" annotation-modificationUser="Jennifer Payne" annotation-category="Loading data" image="images/2745000.jpg">New Annotation…<category name="Loading data"></category>
    </event>
    <event startTimeInterval="33.5" start="September 3 2015 13:45:27 GMT-0600" endTimeInterval="35" end="September 3 2015 13:45:29 GMT-0600" isDuration="true" title="" annotation-modificationDate="September 17 2015 13:28:24 GMT-0600" annotation-modificationUser="Jennifer Payne" annotation-category="Loading data" image="images/3015000.jpg">New Annotation…<category name="Loading data"></category>
    </event>
    <event startTimeInterval="41.5" start="September 3 2015 13:45:35 GMT-0600" endTimeInterval="44" end="September 3 2015 13:45:38 GMT-0600" isDuration="true" title="" annotation-modificationDate="September 17 2015 13:28:24 GMT-0600" annotation-modificationUser="Jennifer Payne" annotation-category="Loading data" image="images/3735000.jpg">New Annotation…<category name="Loading data"></category>
    </event>
    <event startTimeInterval="51.043788" start="September 3 2015 13:45:45 GMT-0600" endTimeInterval="57" end="September 3 2015 13:45:51 GMT-0600" isDuration="true" title="" annotation-modificationDate="September 17 2015 13:28:24 GMT-0600" annotation-modificationUser="Jennifer Payne" annotation-category="Loading data" image="images/4593941.jpg">New Annotation…<category name="Loading data"></category>
    </event>
    <event startTimeInterval="68.570666" start="September 3 2015 13:46:02 GMT-0600" endTimeInterval="71.570666" end="September 3 2015 13:46:05 GMT-0600" isDuration="true" title="" annotation-modificationDate="September 17 2015 13:28:24 GMT-0600" annotation-modificationUser="Jennifer Payne" annotation-category="Loading data" image="images/6171360.jpg">New Annotation…<category name="Loading data"></category>
    </event>
    <event startTimeInterval="74.070666" start="September 3 2015 13:46:08 GMT-0600" endTimeInterval="76.070666" end="September 3 2015 13:46:10 GMT-0600" isDuration="true" title="" annotation-modificationDate="September 17 2015 13:28:24 GMT-0600" annotation-modificationUser="Jennifer Payne" annotation-category="Loading data" image="images/6666360.jpg">New Annotation…<category name="Loading data"></category>
    </event>
    <event startTimeInterval="94.070666" start="September 3 2015 13:46:28 GMT-0600" endTimeInterval="97.070666" end="September 3 2015 13:46:31 GMT-0600" isDuration="true" title="" annotation-modificationDate="September 17 2015 13:28:24 GMT-0600" annotation-modificationUser="Jennifer Payne" annotation-category="Loading data" image="images/8466360.jpg">New Annotation…<category name="Loading data"></category>
    </event>
    <event startTimeInterval="110.570666" start="September 3 2015 13:46:44 GMT-0600" endTimeInterval="112.070666" end="September 3 2015 13:46:46 GMT-0600" isDuration="true" title="" annotation-modificationDate="September 17 2015 13:28:24 GMT-0600" annotation-modificationUser="Jennifer Payne" annotation-category="Loading data" image="images/9951360.jpg">New Annotation…<category name="Loading data"></category>
    </event>
    <event startTimeInterval="118.570666" start="September 3 2015 13:46:52 GMT-0600" endTimeInterval="119.570666" end="September 3 2015 13:46:53 GMT-0600" isDuration="true" title="" annotation-modificationDate="September 17 2015 13:28:24 GMT-0600" annotation-modificationUser="Jennifer Payne" annotation-category="Loading data" image="images/10671360.jpg">New Annotation…<category name="Loading data"></category>
    </event>
    <event startTimeInterval="131.070664" start="September 3 2015 13:47:05 GMT-0600" endTimeInterval="132.570664" end="September 3 2015 13:47:06 GMT-0600" isDuration="true" title="" annotation-modificationDate="September 17 2015 13:28:24 GMT-0600" annotation-modificationUser="Jennifer Payne" annotation-category="Loading data" image="images/11796360.jpg">New Annotation…<category name="Loading data"></category>
    </event>
    <event startTimeInterval="161.570666" start="September 3 2015 13:47:35 GMT-0600" endTimeInterval="164.070666" end="September 3 2015 13:47:38 GMT-0600" isDuration="true" title="" annotation-modificationDate="September 17 2015 13:28:24 GMT-0600" annotation-modificationUser="Jennifer Payne" annotation-category="Loading data" image="images/14541360.jpg">New Annotation…<category name="Loading data"></category>
    </event>
    <event startTimeInterval="167.570666" start="September 3 2015 13:47:41 GMT-0600" endTimeInterval="169.070666" end="September 3 2015 13:47:43 GMT-0600" isDuration="true" title="" annotation-modificationDate="September 17 2015 13:28:24 GMT-0600" annotation-modificationUser="Jennifer Payne" annotation-category="Loading data" image="images/15081360.jpg">New Annotation…<category name="Loading data"></category>
    </event>
    <event startTimeInterval="172.070666" start="September 3 2015 13:47:46 GMT-0600" endTimeInterval="173.570666" end="September 3 2015 13:47:47 GMT-0600" isDuration="true" title="" annotation-modificationDate="September 17 2015 13:28:24 GMT-0600" annotation-modificationUser="Jennifer Payne" annotation-category="Loading data" image="images/15486360.jpg">New Annotation…<category name="Loading data"></category>
    </event>
    <event startTimeInterval="177.070666" start="September 3 2015 13:47:51 GMT-0600" endTimeInterval="178.570666" end="September 3 2015 13:47:52 GMT-0600" isDuration="true" title="" annotation-modificationDate="September 17 2015 13:28:24 GMT-0600" annotation-modificationUser="Jennifer Payne" annotation-category="Loading data" image="images/15936360.jpg">New Annotation…<category name="Loading data"></category>
    </event>
    <event startTimeInterval="179.570666" start="September 3 2015 13:47:53 GMT-0600" endTimeInterval="183.570666" end="September 3 2015 13:47:57 GMT-0600" isDuration="true" title="" annotation-modificationDate="September 17 2015 13:28:24 GMT-0600" annotation-modificationUser="Jennifer Payne" annotation-category="Loading data" image="images/16161360.jpg">New Annotation…<category name="Loading data"></category>
    </event>
    <event startTimeInterval="189.070666" start="September 3 2015 13:48:03 GMT-0600" endTimeInterval="189.070666" end="September 3 2015 13:48:03 GMT-0600" isDuration="true" title="" annotation-modificationDate="September 17 2015 13:28:24 GMT-0600" annotation-modificationUser="Jennifer Payne" annotation-category="Loading data" image="images/17016360.jpg">New Annotation…<category name="Loading data"></category>
    </event>
    <event startTimeInterval="192.070666" start="September 3 2015 13:48:06 GMT-0600" endTimeInterval="197.570666" end="September 3 2015 13:48:11 GMT-0600" isDuration="true" title="" annotation-modificationDate="September 17 2015 13:28:24 GMT-0600" annotation-modificationUser="Jennifer Payne" annotation-category="Loading data" image="images/17286360.jpg">New Annotation…<category name="Loading data"></category>
    </event>
    <event startTimeInterval="207.570666" start="September 3 2015 13:48:21 GMT-0600" endTimeInterval="211.570666" end="September 3 2015 13:48:25 GMT-0600" isDuration="true" title="" annotation-modificationDate="September 17 2015 13:28:24 GMT-0600" annotation-modificationUser="Jennifer Payne" annotation-category="Loading data" image="images/18681360.jpg">New Annotation…<category name="Loading data"></category>
    </event>
    <event startTimeInterval="214.070666" start="September 3 2015 13:48:28 GMT-0600" endTimeInterval="215.570666" end="September 3 2015 13:48:29 GMT-0600" isDuration="true" title="" annotation-modificationDate="September 17 2015 13:28:24 GMT-0600" annotation-modificationUser="Jennifer Payne" annotation-category="Loading data" image="images/19266360.jpg">New Annotation…<category name="Loading data"></category>
    </event>
    <event startTimeInterval="218.070666" start="September 3 2015 13:48:32 GMT-0600" endTimeInterval="220.070666" end="September 3 2015 13:48:34 GMT-0600" isDuration="true" title="" annotation-modificationDate="September 17 2015 13:28:24 GMT-0600" annotation-modificationUser="Jennifer Payne" annotation-category="Loading data" image="images/19626360.jpg">New Annotation…<category name="Loading data"></category>
    </event>
    <event startTimeInterval="221.570666" start="September 3 2015 13:48:35 GMT-0600" endTimeInterval="224.070666" end="September 3 2015 13:48:38 GMT-0600" isDuration="true" title="" annotation-modificationDate="September 17 2015 13:28:24 GMT-0600" annotation-modificationUser="Jennifer Payne" annotation-category="Loading data" image="images/19941360.jpg">New Annotation…<category name="Loading data"></category>
    </event>
    <event startTimeInterval="230.070666" start="September 3 2015 13:48:44 GMT-0600" endTimeInterval="231.570666" end="September 3 2015 13:48:45 GMT-0600" isDuration="true" title="" annotation-modificationDate="September 17 2015 13:28:24 GMT-0600" annotation-modificationUser="Jennifer Payne" annotation-category="Loading data" image="images/20706360.jpg">New Annotation…<category name="Loading data"></category>
    </event>
    <event startTimeInterval="233.070666" start="September 3 2015 13:48:47 GMT-0600" endTimeInterval="244.570666" end="September 3 2015 13:48:58 GMT-0600" isDuration="true" title="" annotation-modificationDate="September 17 2015 13:28:24 GMT-0600" annotation-modificationUser="Jennifer Payne" annotation-category="Loading data" image="images/20976360.jpg">New Annotation…<category name="Loading data"></category>
    </event>
    <event startTimeInterval="248.070666" start="September 3 2015 13:49:02 GMT-0600" endTimeInterval="268.070666" end="September 3 2015 13:49:22 GMT-0600" isDuration="true" title="" annotation-modificationDate="September 17 2015 13:28:24 GMT-0600" annotation-modificationUser="Jennifer Payne" annotation-category="Loading data" image="images/22326360.jpg">New Annotation…<category name="Loading data"></category>
    </event>
    <event startTimeInterval="270.070666" start="September 3 2015 13:49:24 GMT-0600" endTimeInterval="294.570666" end="September 3 2015 13:49:48 GMT-0600" isDuration="true" title="" annotation-modificationDate="September 17 2015 13:28:24 GMT-0600" annotation-modificationUser="Jennifer Payne" annotation-category="Loading data" image="images/24306360.jpg">New Annotation…<category name="Loading data"></category>
    </event>
    <event startTimeInterval="294.874644" start="September 3 2015 13:49:48 GMT-0600" endTimeInterval="342.874644" end="September 3 2015 13:50:36 GMT-0600" isDuration="true" title="" annotation-modificationDate="September 17 2015 13:28:24 GMT-0600" annotation-modificationUser="Jennifer Payne" annotation-category="Verifying the visualization" image="images/26538718.jpg">New Annotation…<category name="Verifying the visualization"></category>
    </event>
    <event startTimeInterval="347.374644" start="September 3 2015 13:50:41 GMT-0600" endTimeInterval="434.374644" end="September 3 2015 13:52:08 GMT-0600" isDuration="true" title="" annotation-modificationDate="September 17 2015 13:28:24 GMT-0600" annotation-modificationUser="Jennifer Payne" annotation-category="Presentation mapping creation" image="images/31263718.jpg">New Annotation…<category name="Presentation mapping creation"></category>
    </event>
    <event startTimeInterval="14.583811" start="September 3 2015 13:45:08 GMT-0600" endTimeInterval="20.282733" end="September 3 2015 13:45:14 GMT-0600" isDuration="true" title="" annotation-modificationDate="September 17 2015 13:28:24 GMT-0600" annotation-modificationUser="Jennifer Payne" annotation-category="Visual mapping modification" image="images/1312543.jpg">New Annotation…<category name="Visual mapping modification"></category>
    </event>
    <event startTimeInterval="8.029199" start="September 3 2015 13:45:02 GMT-0600" endTimeInterval="14.633344" end="September 3 2015 13:45:08 GMT-0600" isDuration="true" title="" annotation-modificationDate="September 17 2015 13:28:24 GMT-0600" annotation-modificationUser="Jennifer Payne" annotation-category="Interuption" image="images/722628.jpg">Can I use a pencil?<category name="Interuption"></category>
    </event>
    <event startTimeInterval="22.866666" start="September 3 2015 13:45:16 GMT-0600" endTimeInterval="25.677511" end="September 3 2015 13:45:19 GMT-0600" isDuration="true" title="" annotation-modificationDate="September 17 2015 13:28:24 GMT-0600" annotation-modificationUser="Jennifer Payne" annotation-category="Visual mapping modification" image="images/2058000.jpg">New Annotation…<category name="Visual mapping modification"></category>
    </event>
    <event startTimeInterval="35.033344" start="September 3 2015 13:45:29 GMT-0600" endTimeInterval="41.719977" end="September 3 2015 13:45:35 GMT-0600" isDuration="true" title="" annotation-modificationDate="September 17 2015 13:28:24 GMT-0600" annotation-modificationUser="Jennifer Payne" annotation-category="Verifying the visualization" image="images/3153001.jpg">New Annotation…<category name="Verifying the visualization"></category>
    </event>
    <event startTimeInterval="7.6028" start="September 3 2015 13:45:01 GMT-0600" endTimeInterval="9.500011000000001" end="September 3 2015 13:45:03 GMT-0600" isDuration="true" title="" annotation-modificationDate="September 17 2015 13:28:24 GMT-0600" annotation-modificationUser="Jennifer Payne" annotation-category="Visual mapping modification" image="images/684252.jpg">New Annotation…<category name="Visual mapping modification"></category>
    </event>
    <event startTimeInterval="43.931444" start="September 3 2015 13:45:37 GMT-0600" endTimeInterval="46.943611" end="September 3 2015 13:45:40 GMT-0600" isDuration="true" title="" annotation-modificationDate="September 17 2015 13:28:24 GMT-0600" annotation-modificationUser="Jennifer Payne" annotation-category="Presentation mapping modification" image="images/3953830.jpg">New Annotation…<category name="Presentation mapping modification"></category>
    </event>
    <event startTimeInterval="28.538055" start="September 3 2015 13:45:22 GMT-0600" endTimeInterval="30.607644" end="September 3 2015 13:45:24 GMT-0600" isDuration="true" title="" annotation-modificationDate="September 17 2015 13:28:24 GMT-0600" annotation-modificationUser="Jennifer Payne" annotation-category="Visual mapping modification" image="images/2568425.jpg">New Annotation…<category name="Visual mapping modification"></category>
    </event>
    <event startTimeInterval="31.849944" start="September 3 2015 13:45:25 GMT-0600" endTimeInterval="33.252722" end="September 3 2015 13:45:27 GMT-0600" isDuration="true" title="" annotation-modificationDate="September 17 2015 13:28:24 GMT-0600" annotation-modificationUser="Jennifer Payne" annotation-category="Visual mapping modification" image="images/2866495.jpg">New Annotation…<category name="Visual mapping modification"></category>
    </event>
    <event startTimeInterval="46.943611" start="September 3 2015 13:45:40 GMT-0600" endTimeInterval="51.025166" end="September 3 2015 13:45:45 GMT-0600" isDuration="true" title="" annotation-modificationDate="September 17 2015 13:28:24 GMT-0600" annotation-modificationUser="Jennifer Payne" annotation-category="Visual mapping modification" image="images/4224925.jpg">New Annotation…<category name="Visual mapping modification"></category>
    </event>
    <event startTimeInterval="56.833344" start="September 3 2015 13:45:50 GMT-0600" endTimeInterval="73.393466" end="September 3 2015 13:46:07 GMT-0600" isDuration="true" title="" annotation-modificationDate="September 17 2015 13:28:24 GMT-0600" annotation-modificationUser="Jennifer Payne" annotation-category="Visual mapping modification" image="images/5115001.jpg">New Annotation…<category name="Visual mapping modification"></category>
    </event>
    <event startTimeInterval="76.833344" start="September 3 2015 13:46:10 GMT-0600" title="" annotation-modificationDate="September 17 2015 13:28:24 GMT-0600" annotation-modificationUser="Jennifer Payne" annotation-category="Visual mapping modification" image="images/6915001.jpg">New Annotation…<category name="Visual mapping modification"></category>
    </event>
    <event startTimeInterval="91.033344" start="September 3 2015 13:46:25 GMT-0600" endTimeInterval="91.033344" end="September 3 2015 13:46:25 GMT-0600" isDuration="true" title="" annotation-modificationDate="September 17 2015 13:28:24 GMT-0600" annotation-modificationUser="Jennifer Payne" annotation-category="Verifying the visualization" image="images/8193001.jpg">New Annotation…<category name="Verifying the visualization"></category>
    </event>
    <event startTimeInterval="76.60001099999999" start="September 3 2015 13:46:10 GMT-0600" endTimeInterval="94.114233" end="September 3 2015 13:46:28 GMT-0600" isDuration="true" title="" annotation-modificationDate="September 17 2015 13:28:24 GMT-0600" annotation-modificationUser="Jennifer Payne" annotation-category="Visual mapping modification" image="images/6894001.jpg">New Annotation…<category name="Visual mapping modification"></category>
    </event>
    <event startTimeInterval="86.333344" start="September 3 2015 13:46:20 GMT-0600" endTimeInterval="92.13334399999999" end="September 3 2015 13:46:26 GMT-0600" isDuration="true" title="" annotation-modificationDate="September 17 2015 13:28:24 GMT-0600" annotation-modificationUser="Jennifer Payne" annotation-category="Presentation mapping modification" image="images/7770001.jpg">New Annotation…<category name="Presentation mapping modification"></category>
    </event>
    <event startTimeInterval="96.924233" start="September 3 2015 13:46:30 GMT-0600" endTimeInterval="137.772577" end="September 3 2015 13:47:11 GMT-0600" isDuration="true" title="" annotation-modificationDate="September 17 2015 13:28:24 GMT-0600" annotation-modificationUser="Jennifer Payne" annotation-category="Visual mapping modification" image="images/8723181.jpg">New Annotation…<category name="Visual mapping modification"></category>
    </event>
    <event startTimeInterval="114.533344" start="September 3 2015 13:46:48 GMT-0600" endTimeInterval="119.265044" end="September 3 2015 13:46:53 GMT-0600" isDuration="true" title="" annotation-modificationDate="September 17 2015 13:28:24 GMT-0600" annotation-modificationUser="Jennifer Payne" annotation-category="Verifying the visualization" image="images/10308001.jpg">New Annotation…<category name="Verifying the visualization"></category>
    </event>
    <event startTimeInterval="137.772577" start="September 3 2015 13:47:11 GMT-0600" endTimeInterval="161.966677" end="September 3 2015 13:47:35 GMT-0600" isDuration="true" title="" annotation-modificationDate="September 17 2015 13:28:24 GMT-0600" annotation-modificationUser="Jennifer Payne" annotation-category="Presentation mapping modification" image="images/12399532.jpg">New Annotation…<category name="Presentation mapping modification"></category>
    </event>
    <event startTimeInterval="164.066677" start="September 3 2015 13:47:38 GMT-0600" endTimeInterval="185.766677" end="September 3 2015 13:47:59 GMT-0600" isDuration="true" title="" annotation-modificationDate="September 17 2015 13:28:24 GMT-0600" annotation-modificationUser="Jennifer Payne" annotation-category="Visual mapping modification" image="images/14766001.jpg">New Annotation…<category name="Visual mapping modification"></category>
    </event>
    <event startTimeInterval="185.766677" start="September 3 2015 13:47:59 GMT-0600" endTimeInterval="188.900011" end="September 3 2015 13:48:02 GMT-0600" isDuration="true" title="" annotation-modificationDate="September 17 2015 13:28:24 GMT-0600" annotation-modificationUser="Jennifer Payne" annotation-category="Verifying the visualization" image="images/16719001.jpg">New Annotation…<category name="Verifying the visualization"></category>
    </event>
    <event startTimeInterval="188.900011" start="September 3 2015 13:48:02 GMT-0600" endTimeInterval="212.366677" end="September 3 2015 13:48:26 GMT-0600" isDuration="true" title="" annotation-modificationDate="September 17 2015 13:28:24 GMT-0600" annotation-modificationUser="Jennifer Payne" annotation-category="Visual mapping modification" image="images/17001001.jpg">New Annotation…<category name="Visual mapping modification"></category>
    </event>
    <event startTimeInterval="212.366677" start="September 3 2015 13:48:26 GMT-0600" endTimeInterval="213.933344" end="September 3 2015 13:48:27 GMT-0600" isDuration="true" title="" annotation-modificationDate="September 17 2015 13:28:24 GMT-0600" annotation-modificationUser="Jennifer Payne" annotation-category="Verifying the visualization" image="images/19113001.jpg">New Annotation…<category name="Verifying the visualization"></category>
    </event>
    <event startTimeInterval="216.833344" start="September 3 2015 13:48:30 GMT-0600" endTimeInterval="295.429055" end="September 3 2015 13:49:49 GMT-0600" isDuration="true" title="" annotation-modificationDate="September 17 2015 13:28:24 GMT-0600" annotation-modificationUser="Jennifer Payne" annotation-category="Visual mapping modification" image="images/19515001.jpg">New Annotation…<category name="Visual mapping modification"></category>
    </event>
    <event startTimeInterval="343.246511" start="September 3 2015 13:50:37 GMT-0600" endTimeInterval="347.950755" end="September 3 2015 13:50:41 GMT-0600" isDuration="true" title="" annotation-modificationDate="September 17 2015 13:28:24 GMT-0600" annotation-modificationUser="Jennifer Payne" annotation-category="Interuption" image="images/30892186.jpg">New Annotation…<category name="Interuption"></category>
    </event>
</data>