<?xml version="1.0" encoding="UTF-8" standalone="no"?>
<data>
    <event startTimeInterval="2.173455" start="September 3 2015 13:44:52 GMT-0600" endTimeInterval="10.387712" end="September 3 2015 13:45:00 GMT-0600" isDuration="true" title="" annotation-modificationDate="September 17 2015 11:48:28 GMT-0600" annotation-modificationUser="Jennifer Payne" annotation-category="Loading data" image="images/195611.jpg">New Annotation…<category name="Loading data"></category>
    </event>
    <event startTimeInterval="11.733333" start="September 3 2015 13:45:01 GMT-0600" endTimeInterval="12.733333" end="September 3 2015 13:45:02 GMT-0600" isDuration="true" title="" annotation-modificationDate="September 17 2015 11:48:28 GMT-0600" annotation-modificationUser="Jennifer Payne" annotation-category="Loading data" image="images/1056000.jpg">New Annotation…<category name="Loading data"></category>
    </event>
    <event startTimeInterval="14.233333" start="September 3 2015 13:45:04 GMT-0600" endTimeInterval="15.733333" end="September 3 2015 13:45:05 GMT-0600" isDuration="true" title="" annotation-modificationDate="September 17 2015 11:48:28 GMT-0600" annotation-modificationUser="Jennifer Payne" annotation-category="Loading data" image="images/1281000.jpg">New Annotation…<category name="Loading data"></category>
    </event>
    <event startTimeInterval="18.233333" start="September 3 2015 13:45:08 GMT-0600" endTimeInterval="20.733333" end="September 3 2015 13:45:10 GMT-0600" isDuration="true" title="" annotation-modificationDate="September 17 2015 11:48:28 GMT-0600" annotation-modificationUser="Jennifer Payne" annotation-category="Loading data" image="images/1641000.jpg">New Annotation…<category name="Loading data"></category>
    </event>
    <event startTimeInterval="29.733333" start="September 3 2015 13:45:19 GMT-0600" endTimeInterval="32.233333" end="September 3 2015 13:45:22 GMT-0600" isDuration="true" title="" annotation-modificationDate="September 17 2015 11:48:28 GMT-0600" annotation-modificationUser="Jennifer Payne" annotation-category="Loading data" image="images/2676000.jpg">New Annotation…<category name="Loading data"></category>
    </event>
    <event startTimeInterval="36.733333" start="September 3 2015 13:45:26 GMT-0600" endTimeInterval="38.733333" end="September 3 2015 13:45:28 GMT-0600" isDuration="true" title="" annotation-modificationDate="September 17 2015 11:48:28 GMT-0600" annotation-modificationUser="Jennifer Payne" annotation-category="Loading data" image="images/3306000.jpg">New Annotation…<category name="Loading data"></category>
    </event>
    <event startTimeInterval="39.733333" start="September 3 2015 13:45:29 GMT-0600" endTimeInterval="40.733333" end="September 3 2015 13:45:30 GMT-0600" isDuration="true" title="" annotation-modificationDate="September 17 2015 11:48:28 GMT-0600" annotation-modificationUser="Jennifer Payne" annotation-category="Loading data" image="images/3576000.jpg">New Annotation…<category name="Loading data"></category>
    </event>
    <event startTimeInterval="45.233333" start="September 3 2015 13:45:35 GMT-0600" endTimeInterval="71.44461200000001" end="September 3 2015 13:46:01 GMT-0600" isDuration="true" title="" annotation-modificationDate="September 17 2015 11:48:28 GMT-0600" annotation-modificationUser="Jennifer Payne" annotation-category="Loading data" image="images/4071000.jpg">New Annotation…<category name="Loading data"></category>
    </event>
    <event startTimeInterval="72.733333" start="September 3 2015 13:46:02 GMT-0600" endTimeInterval="75.733333" end="September 3 2015 13:46:05 GMT-0600" isDuration="true" title="" annotation-modificationDate="September 17 2015 11:48:28 GMT-0600" annotation-modificationUser="Jennifer Payne" annotation-category="Loading data" image="images/6546000.jpg">New Annotation…<category name="Loading data"></category>
    </event>
    <event startTimeInterval="81.733333" start="September 3 2015 13:46:11 GMT-0600" endTimeInterval="83.233333" end="September 3 2015 13:46:13 GMT-0600" isDuration="true" title="" annotation-modificationDate="September 17 2015 11:48:28 GMT-0600" annotation-modificationUser="Jennifer Payne" annotation-category="Loading data" image="images/7356000.jpg">New Annotation…<category name="Loading data"></category>
    </event>
    <event startTimeInterval="92.733333" start="September 3 2015 13:46:22 GMT-0600" endTimeInterval="97.733333" end="September 3 2015 13:46:27 GMT-0600" isDuration="true" title="" annotation-modificationDate="September 17 2015 11:48:28 GMT-0600" annotation-modificationUser="Jennifer Payne" annotation-category="Loading data" image="images/8346000.jpg">New Annotation…<category name="Loading data"></category>
    </event>
    <event startTimeInterval="110.733333" start="September 3 2015 13:46:40 GMT-0600" endTimeInterval="124.233333" end="September 3 2015 13:46:54 GMT-0600" isDuration="true" title="" annotation-modificationDate="September 17 2015 11:48:28 GMT-0600" annotation-modificationUser="Jennifer Payne" annotation-category="Loading data" image="images/9966000.jpg">New Annotation…<category name="Loading data"></category>
    </event>
    <event startTimeInterval="137.733333" start="September 3 2015 13:47:07 GMT-0600" endTimeInterval="141.233333" end="September 3 2015 13:47:11 GMT-0600" isDuration="true" title="" annotation-modificationDate="September 17 2015 11:48:28 GMT-0600" annotation-modificationUser="Jennifer Payne" annotation-category="Loading data" image="images/12396000.jpg">New Annotation…<category name="Loading data"></category>
    </event>
    <event startTimeInterval="151.233333" start="September 3 2015 13:47:21 GMT-0600" endTimeInterval="159.233333" end="September 3 2015 13:47:29 GMT-0600" isDuration="true" title="" annotation-modificationDate="September 17 2015 11:48:28 GMT-0600" annotation-modificationUser="Jennifer Payne" annotation-category="Loading data" image="images/13611000.jpg">New Annotation…<category name="Loading data"></category>
    </event>
    <event startTimeInterval="170.233333" start="September 3 2015 13:47:40 GMT-0600" endTimeInterval="181.233333" end="September 3 2015 13:47:51 GMT-0600" isDuration="true" title="" annotation-modificationDate="September 17 2015 11:48:28 GMT-0600" annotation-modificationUser="Jennifer Payne" annotation-category="Loading data" image="images/15321000.jpg">New Annotation…<category name="Loading data"></category>
    </event>
    <event startTimeInterval="192.733333" start="September 3 2015 13:48:02 GMT-0600" endTimeInterval="196.233333" end="September 3 2015 13:48:06 GMT-0600" isDuration="true" title="" annotation-modificationDate="September 17 2015 11:48:28 GMT-0600" annotation-modificationUser="Jennifer Payne" annotation-category="Loading data" image="images/17346000.jpg">New Annotation…<category name="Loading data"></category>
    </event>
    <event startTimeInterval="213" start="September 3 2015 13:48:23 GMT-0600" endTimeInterval="236.5" end="September 3 2015 13:48:46 GMT-0600" isDuration="true" title="" annotation-modificationDate="September 17 2015 11:48:28 GMT-0600" annotation-modificationUser="Jennifer Payne" annotation-category="Verifying the visualization" image="images/19170000.jpg">New Annotation…<category name="Verifying the visualization"></category>
    </event>
    <event startTimeInterval="236.5" start="September 3 2015 13:48:46 GMT-0600" endTimeInterval="367.633923" end="September 3 2015 13:50:57 GMT-0600" isDuration="true" title="" annotation-modificationDate="September 17 2015 11:48:28 GMT-0600" annotation-modificationUser="Jennifer Payne" annotation-category="Presentation mapping creation" image="images/21285000.jpg">New Annotation…<category name="Presentation mapping creation"></category>
    </event>
    <event startTimeInterval="4.066677" start="September 3 2015 13:44:54 GMT-0600" endTimeInterval="45.1693" end="September 3 2015 13:45:35 GMT-0600" isDuration="true" title="" annotation-modificationDate="September 17 2015 11:48:28 GMT-0600" annotation-modificationUser="Jennifer Payne" annotation-category="Visual mapping modification" image="images/366001.jpg">New Annotation…<category name="Visual mapping modification"></category>
    </event>
    <event startTimeInterval="26.566677" start="September 3 2015 13:45:16 GMT-0600" endTimeInterval="28.033344" end="September 3 2015 13:45:18 GMT-0600" isDuration="true" title="" annotation-modificationDate="September 17 2015 11:48:28 GMT-0600" annotation-modificationUser="Jennifer Payne" annotation-category="Presentation mapping modification" image="images/2391001.jpg">New Annotation…<category name="Presentation mapping modification"></category>
    </event>
    <event startTimeInterval="43.466677" start="September 3 2015 13:45:33 GMT-0600" endTimeInterval="44.733344" end="September 3 2015 13:45:34 GMT-0600" isDuration="true" title="" annotation-modificationDate="September 17 2015 11:48:28 GMT-0600" annotation-modificationUser="Jennifer Payne" annotation-category="Presentation mapping modification" image="images/3912001.jpg">New Annotation…<category name="Presentation mapping modification"></category>
    </event>
    <event startTimeInterval="48.792366" start="September 3 2015 13:45:38 GMT-0600" endTimeInterval="85.698155" end="September 3 2015 13:46:15 GMT-0600" isDuration="true" title="" annotation-modificationDate="September 17 2015 11:48:28 GMT-0600" annotation-modificationUser="Jennifer Payne" annotation-category="Visual mapping modification" image="images/4391313.jpg">New Annotation…<category name="Visual mapping modification"></category>
    </event>
    <event startTimeInterval="86.266677" start="September 3 2015 13:46:16 GMT-0600" endTimeInterval="92.93334400000001" end="September 3 2015 13:46:22 GMT-0600" isDuration="true" title="" annotation-modificationDate="September 17 2015 11:48:28 GMT-0600" annotation-modificationUser="Jennifer Payne" annotation-category="Presentation mapping modification" image="images/7764001.jpg">New Annotation…<category name="Presentation mapping modification"></category>
    </event>
    <event startTimeInterval="97.800011" start="September 3 2015 13:46:27 GMT-0600" endTimeInterval="105.600011" end="September 3 2015 13:46:35 GMT-0600" isDuration="true" title="" annotation-modificationDate="September 17 2015 11:48:28 GMT-0600" annotation-modificationUser="Jennifer Payne" annotation-category="Visual mapping modification" image="images/8802001.jpg">New Annotation…<category name="Visual mapping modification"></category>
    </event>
    <event startTimeInterval="124.466677" start="September 3 2015 13:46:54 GMT-0600" endTimeInterval="137.466677" end="September 3 2015 13:47:07 GMT-0600" isDuration="true" title="" annotation-modificationDate="September 17 2015 11:48:28 GMT-0600" annotation-modificationUser="Jennifer Payne" annotation-category="Visual mapping modification" image="images/11202001.jpg">New Annotation…<category name="Visual mapping modification"></category>
    </event>
    <event startTimeInterval="141.833344" start="September 3 2015 13:47:11 GMT-0600" endTimeInterval="151.633344" end="September 3 2015 13:47:21 GMT-0600" isDuration="true" title="" annotation-modificationDate="September 17 2015 11:48:28 GMT-0600" annotation-modificationUser="Jennifer Payne" annotation-category="Visual mapping modification" image="images/12765001.jpg">New Annotation…<category name="Visual mapping modification"></category>
    </event>
    <event startTimeInterval="159.933344" start="September 3 2015 13:47:29 GMT-0600" endTimeInterval="170.133344" end="September 3 2015 13:47:40 GMT-0600" isDuration="true" title="" annotation-modificationDate="September 17 2015 11:48:28 GMT-0600" annotation-modificationUser="Jennifer Payne" annotation-category="Visual mapping modification" image="images/14394001.jpg">New Annotation…<category name="Visual mapping modification"></category>
    </event>
    <event startTimeInterval="167.208088" start="September 3 2015 13:47:37 GMT-0600" endTimeInterval="170.629311" end="September 3 2015 13:47:40 GMT-0600" isDuration="true" title="" annotation-modificationDate="September 17 2015 11:48:28 GMT-0600" annotation-modificationUser="Jennifer Payne" annotation-category="Presentation mapping modification" image="images/15048728.jpg">New Annotation…<category name="Presentation mapping modification"></category>
    </event>
    <event startTimeInterval="180.866677" start="September 3 2015 13:47:50 GMT-0600" endTimeInterval="193.166677" end="September 3 2015 13:48:03 GMT-0600" isDuration="true" title="" annotation-modificationDate="September 17 2015 11:48:28 GMT-0600" annotation-modificationUser="Jennifer Payne" annotation-category="Visual mapping modification" image="images/16278001.jpg">New Annotation…<category name="Visual mapping modification"></category>
    </event>
    <event startTimeInterval="195.266677" start="September 3 2015 13:48:05 GMT-0600" endTimeInterval="201.933344" end="September 3 2015 13:48:11 GMT-0600" isDuration="true" title="" annotation-modificationDate="September 17 2015 11:48:28 GMT-0600" annotation-modificationUser="Jennifer Payne" annotation-category="Visual mapping modification" image="images/17574001.jpg">New Annotation…<category name="Visual mapping modification"></category>
    </event>
    <event startTimeInterval="208.633344" start="September 3 2015 13:48:18 GMT-0600" endTimeInterval="213.6394" end="September 3 2015 13:48:23 GMT-0600" isDuration="true" title="" annotation-modificationDate="September 17 2015 11:48:28 GMT-0600" annotation-modificationUser="Jennifer Payne" annotation-category="Interuption" image="images/18777001.jpg">New Annotation…<category name="Interuption"></category>
    </event>
</data>